,tweet_id,rating_numerator,rating_denominator,name,status,favorite_count,retweet_count,retweeted
0,892177421306343426,13.0,10,Tilly,,33786,6480,False
1,891815181378084864,12.0,10,Archie,,25445,4301,False
2,891327558926688256,12.0,10,Franklin,,41016,9721,False
3,891087950875897856,13.0,10,,,20548,3240,False
4,890971913173991426,13.0,10,Jax,,12053,2142,False
5,890729181411237888,13.0,10,,,66596,19548,False
6,890609185150312448,13.0,10,Zoey,,28187,4403,False
7,890240255349198849,14.0,10,Cassie,doggo,32467,7684,False
8,890006608113172480,13.0,10,Koda,,31127,7584,False
9,889880896479866881,13.0,10,Bruno,,28208,5116,False
10,889665388333682689,13.0,10,,puppo,38745,8502,False
11,889638837579907072,12.0,10,Ted,,27633,4705,False
12,889531135344209921,13.0,10,Stuart,puppo,15329,2309,False
13,889278841981685760,13.0,10,Oliver,,25712,5635,False
14,888917238123831296,12.0,10,Jim,,29555,4681,False
15,888804989199671297,13.0,10,Zeke,,26021,4535,False
16,888554962724278272,13.0,10,Ralphus,,20267,3722,False
17,888078434458587136,12.0,10,Gerald,,22144,3637,False
18,887705289381826560,13.0,10,Jeffrey,,30690,5584,False
19,887473957103951883,13.0,10,Canela,,70007,18813,False
20,887343217045368832,13.0,10,,,34223,10713,False
21,887101392804085760,12.0,10,,floof,31045,6147,False
22,886983233522544640,13.0,10,Maya,,35786,8045,False
23,886736880519319552,13.0,10,Mingus,,12286,3420,False
24,886366144734445568,12.0,10,Roscoe,pupper,21488,3297,False
25,886258384151887873,13.0,10,Waffles,,28437,6506,False
26,885984800019947520,12.0,10,Jimbo,,33299,7043,False
27,885528943205470208,13.0,10,Maisey,,36592,6642,False
28,884925521741709313,12.0,10,Earl,,78881,19149,False
29,884876753390489601,13.0,10,Lola,,28429,6042,False
30,884562892145688576,13.0,10,Kevin,,24716,5076,False
31,884441805382717440,14.0,10,,,27443,5836,False
32,884162670584377345,12.0,10,Yogi,doggo,20719,3099,False
33,883838122936631299,12.0,10,Noah,,22269,3559,False
34,883482846933004288,13.5,10,Bella,,46741,10336,False
35,883360690899218434,13.0,10,Grizzwald,floof,22932,3802,False
36,883117836046086144,13.0,10,,,37810,6900,False
37,882992080364220416,13.0,10,Rusty,,24358,4086,False
38,882762694511734784,12.0,10,Gus,pupper,28810,5086,False
39,882627270321602560,13.0,10,Stanley,,28327,6303,False
40,882268110199369728,13.0,10,Alfy,,45745,12013,False
41,881906580714921986,12.0,10,Rey,floof,24708,3516,False
42,881666595344535552,13.0,10,Gary,pupper,51390,11026,False
43,881536004380872706,14.0,10,,pupper,50326,16564,False
44,880872448815771648,12.0,10,,,21667,3957,False
45,880465832366813184,12.0,10,Bella,,28997,6500,False
46,880221127280381952,12.0,10,Jesse,,27561,4398,False
47,880095782870896641,11.0,10,,,28085,4506,False
48,879862464715927552,13.0,10,Romeo,,22609,3615,False
49,879492040517615616,12.0,10,Bailey,,23778,3300,False
50,879415818425184262,13.0,10,Duddles,,107834,45655,False
51,879008229531029506,13.0,10,Beau,,19265,2793,False
52,878776093423087618,13.0,10,Snoopy,puppo,19708,4282,False
53,878281511006478336,13.0,10,Shadow,,7890,1338,False
54,878057613040115712,14.0,10,Emmy,,42743,7118,False
55,877736472329191424,13.0,10,Aja,,81450,19908,False
56,877556246731214848,12.0,10,Penny,,23188,3973,False
57,877316821321428993,13.0,10,Dante,,27835,5377,False
58,877201837425926144,12.0,10,Nelly,,27661,5829,False
59,876838120628539392,12.0,10,Ginger,pupper,21069,3493,False
60,876484053909872640,13.0,10,Benedict,,19086,2499,False
61,876120275196170240,13.0,10,,puppo,28392,4872,False
62,875747767867523072,13.0,10,Goose,,25710,4478,False
63,875144289856114688,13.0,10,,,22346,5114,False
64,875021211251597312,12.0,10,,,25948,4895,False
65,874680097055178752,12.0,10,Cash,,28371,4825,False
66,874296783580663808,13.0,10,Jed,pupper,26563,4284,False
67,874057562936811520,12.0,10,,,23061,4107,False
68,874012996292530176,13.0,10,Sebastian,puppo,35406,10926,False
69,873580283840344065,13.0,10,,,24757,4110,False
70,873213775632977920,12.0,10,Sierra,pupper,7435,1656,False
71,872967104147763200,12.0,10,,doggo,27918,5632,False
72,872820683541237760,13.0,10,,,15006,3858,False
73,872620804844003328,13.0,10,Monkey,,21254,3871,False
74,872486979161796608,12.0,10,,,41474,9365,False
75,872261713294495745,13.0,10,Harry,,34982,6606,False
76,871879754684805121,13.0,10,Lassie,puppo,38995,11810,False
77,871762521631449091,12.0,10,Rover,pupper,20716,3641,False
78,871515927908634625,12.0,10,Napolean,doggo,20687,3608,False
79,871032628920680449,13.0,10,Boomer,,23174,3972,False
80,870374049280663552,13.0,10,Zoey,,84753,27502,False
81,870308999962521604,13.0,10,,,22375,4355,False
82,869772420881756160,13.0,10,,,43546,10580,False
83,869702957897576449,13.0,10,Stanley,,29014,6680,False
84,869596645499047938,12.0,10,Scout,doggo,16431,3300,False
85,869227993411051520,13.0,10,Gizmo,,21052,4004,False
86,868622495443632128,13.0,10,,,28165,6234,False
87,868552278524837888,12.0,10,Cooper,,10485,2219,False
88,867900495410671616,12.0,10,,,24905,4410,False
89,867774946302451713,13.0,10,Harold,,35055,7740,False
90,867421006826221569,12.0,10,Shikha,puppo,16683,2673,False
91,867051520902168576,13.0,10,,,33289,8367,False
92,866686824827068416,12.0,10,Lili,puppo,20002,3707,False
93,866450705531457537,13.0,10,Jamesy,pupper,106481,32705,False
94,866334964761202691,12.0,10,Coco,,54493,15442,False
95,865718153858494464,13.0,10,Boomer,,26528,5975,False
96,865359393868664832,13.0,10,Sammy,,27416,5351,False
97,865006731092295680,13.0,10,Nelly,,28978,8162,False
98,864279568663928832,12.0,10,Meatball,,15134,3251,False
99,863553081350529029,13.0,10,Neptune,,15875,4464,False
100,863432100342583297,12.0,10,Belle,,24734,5627,False
101,863079547188785154,14.0,10,,,9068,1188,False
102,863062471531167744,13.0,10,Quinn,,8911,2664,False
103,862831371563274240,13.0,10,Zooey,,19946,5421,False
104,862722525377298433,11.0,10,Dave,,17722,3782,False
105,862096992088072192,13.0,10,,,77714,24997,False
106,861383897657036800,13.0,10,Hobbes,,37599,11456,False
107,861005113778896900,12.0,10,Burt,,17460,4093,False
108,860563773140209665,13.0,10,Lorenzo,,7841,2317,False
109,860524505164394496,13.0,10,Carl,,24590,5664,False
110,859924526012018688,12.0,10,Milky,,19962,4320,False
111,859607811541651456,13.0,10,,puppo,19391,1695,False
112,858843525470990336,13.0,10,,"doggo,puppo",16242,3746,False
113,858471635011153920,13.0,10,Sophie,,22528,5243,False
114,858107933456039936,12.0,10,Wyatt,,16459,3140,False
115,857989990357356544,12.0,10,Rosie,,16883,2790,False
116,857746408056729600,13.0,10,Thor,,35902,11452,False
117,857393404942143489,13.0,10,,,6213,1772,False
118,857263160327368704,13.0,10,,,20956,4903,False
119,857029823797047296,12.0,10,Zeke,,19838,4342,False
120,856543823941562368,12.0,10,Callie,,17075,3113,False
121,856526610513747968,14.0,10,,,12412,2053,False
122,855851453814013952,13.0,10,,"doggo,puppo",47679,19118,False
123,855459453768019968,12.0,10,,,31563,8946,False
124,854732716440526848,12.0,10,Marlee,,24116,6657,False
125,854482394044301312,13.0,10,Arya,,30979,7546,False
126,854365224396361728,13.0,10,Einstein,,19954,5123,False
127,854010172552949760,11.0,10,,"floof,doggo",17120,3419,False
128,853760880890318849,12.0,10,Alice,,30306,6350,False
129,853639147608842240,13.0,10,,,37042,11198,False
130,852912242202992640,12.0,10,Benny,,9610,2024,False
131,852672615818899456,12.0,10,Aspen,,15869,2371,False
132,852553447878664193,13.0,10,Jarod,,17419,3858,False
133,851591660324737024,11.0,10,,,17240,3808,False
134,851224888060895234,13.0,10,Snoop,,22011,6315,False
135,850753642995093505,11.0,10,Kyle,,33213,10285,False
136,850380195714523136,13.0,10,Leo,,13946,2894,False
137,850145622816686080,11.0,10,Riley,,17454,4224,False
138,850019790995546112,12.0,10,Boomer,pupper,21874,5429,False
139,849776966551130114,12.0,10,,,32267,8366,False
140,848690551926992896,12.0,10,,,26990,4795,False
141,848324959059550208,12.0,10,Odin,,20143,4012,False
142,848212111729840128,6.0,10,Jerry,,17545,3421,False
143,847842811428974592,12.0,10,Rontu,,5910,1513,False
144,847606175596138505,12.0,10,Cannon,,20130,3756,False
145,847251039262605312,12.0,10,Furzey,,21935,4773,False
146,847157206088847362,11.0,10,Daisy,,21492,6528,False
147,846874817362120707,13.0,10,Tuck,,21597,4381,False
148,846514051647705089,13.0,10,Barney,doggo,48198,12992,False
149,846153765933735936,13.0,10,Vixen,,34263,10154,False
150,846042936437604353,12.0,10,Jarvis,,17192,3206,False
151,845812042753855489,13.0,10,,,31600,9815,False
152,845677943972139009,12.0,10,,,27040,5333,False
153,845397057150107648,13.0,10,Mimosa,doggo,8215,2056,False
154,845306882940190720,12.0,10,Pickles,pupper,25123,6013,False
155,844979544864018432,13.0,10,,,14678,2891,False
156,844973813909606400,12.0,10,Brady,,16307,3597,False
157,844704788403113984,13.0,10,Luna,,41876,11580,False
158,844223788422217728,12.0,10,Margo,,14700,2437,False
159,843856843873095681,12.0,10,,,23113,5200,False
160,843604394117681152,11.0,10,Hank,,18234,3066,False
161,843235543001513987,13.0,10,Tycho,,23218,6809,False
162,842846295480000512,13.0,10,Charlie,,16380,4008,False
163,842535590457499648,13.0,10,Winnie,,19561,3921,False
164,842115215311396866,12.0,10,Bentley,,15145,3363,False
165,841680585030541313,12.0,10,Penny,,27739,8703,False
166,841439858740625411,14.0,10,,doggo,13703,4138,False
167,841314665196081154,13.0,10,Max,,17224,5283,False
168,841077006473256960,12.0,10,Dawn,,24841,5956,False
169,840632337062862849,12.0,10,,,9722,1960,False
170,840268004936019968,12.0,10,Monty,,20863,6460,False
171,839990271299457024,13.0,10,Sojourner,,14575,2579,False
172,839239871831150596,13.0,10,Odie,,29552,7375,False
173,838921590096166913,13.0,10,Arlo,,12135,2341,False
174,838561493054533637,13.0,10,Walter,,11849,1494,False
175,838476387338051585,13.0,10,Stanley,,24569,5452,False
176,837820167694528512,12.0,10,,pupper,37150,8882,False
177,837471256429613056,12.0,10,Vincent,,13909,2611,False
178,837366284874571778,13.0,10,Lucy,puppo,22964,5969,False
179,837110210464448512,13.0,10,Clark,pupper,17408,2718,False
180,836260088725786625,13.0,10,Lucy,,23100,4832,False
181,835574547218894849,11.0,10,Eli,,19379,4097,False
182,835297930240217089,12.0,10,Ash,,17791,3368,False
183,835264098648616962,12.0,10,Lola,,8467,1930,False
184,835172783151792128,12.0,10,,,28461,6493,False
185,835152434251116546,0.0,10,,,24478,3425,False
186,834786237630337024,13.0,10,Tobi,,22874,6132,False
187,834458053273591808,12.0,10,,,10482,1893,False
188,834209720923721728,12.0,10,Wilson,,22505,5442,False
189,833863086058651648,12.0,10,Bentley,,14594,2717,False
190,833826103416520705,13.0,10,Charlie,,16661,3886,False
191,833722901757046785,13.0,10,Bronte,,22501,3626,False
192,833479644947025920,13.0,10,Poppy,,16193,2345,False
193,832998151111966721,13.0,10,Rhino,doggo,14506,2508,False
194,832757312314028032,13.0,10,Willow,,18356,4109,False
195,832636094638288896,12.0,10,Orion,,17310,3202,False
196,832397543355072512,12.0,10,Eevee,,13067,2533,False
197,832369877331693569,11.0,10,Charlie,,18715,3634,False
198,832273440279240704,14.0,10,Smiley,doggo,12339,2657,False
199,832032802820481025,12.0,10,Miguel,doggo,13826,4720,False
200,831939777352105988,12.0,10,Emanuel,doggo,26297,6992,False
201,831670449226514432,13.0,10,Daisy,,11439,2053,False
202,831650051525054464,13.0,10,,,7868,2226,False
203,831552930092285952,13.0,10,Dutch,,9843,2620,False
204,831322785565769729,12.0,10,Pete,doggo,10011,1737,False
205,831309418084069378,12.0,10,,,12777,2772,False
206,831262627380748289,12.0,10,Tucker,,13018,2338,False
207,830956169170665475,12.0,10,Reggie,,8705,1725,False
208,830583320585068544,13.0,10,Lilly,,73157,19188,False
209,829861396166877184,12.0,10,Mia,,13402,2234,False
210,829501995190984704,12.0,10,Leo,,34779,12146,False
211,829449946868879360,11.0,10,,doggo,11484,2319,False
212,829374341691346946,13.0,10,Astrid,doggo,37930,10647,False
213,829141528400556032,12.0,10,Malcolm,,26859,8486,False
214,829011960981237760,13.0,10,Dexter,,58067,18527,False
215,828650029636317184,14.0,10,,,10437,1540,False
216,828408677031882754,12.0,10,Bear,,8368,1468,False
217,828381636999917570,14.0,10,Doobert,doggo,13819,2540,False
218,828376505180889089,13.0,10,Beebop,,8084,1210,False
219,828372645993398273,12.0,10,,,13706,3325,False
220,828011680017821696,11.0,10,,,11364,2441,False
221,827933404142436356,12.0,10,Kona,pupper,22098,5958,False
222,827653905312006145,12.0,10,Boots,,16917,3414,False
223,827600520311402496,13.0,10,Tucker,,8125,1080,False
224,827324948884643840,12.0,10,Ralphie,,17444,3490,False
225,826958653328592898,12.0,10,Loki,doggo,23675,5734,False
226,826598365270007810,13.0,10,Pawnd,,11076,2701,False
227,826476773533745153,12.0,10,Pilot,doggo,20201,4801,False
228,826240494070030336,11.0,10,,,14564,2957,False
229,826204788643753985,13.0,10,,doggo,5340,1070,False
230,825829644528148480,12.0,10,Toby,,13974,2837,False
231,825535076884762624,14.0,10,,puppo,56199,19563,False
232,825147591692263424,13.0,10,,,20129,5223,False
233,825026590719483904,12.0,10,Pablo,puppo,6991,1477,False
234,824775126675836928,12.0,10,Scooter,,16440,4042,False
235,824663926340194305,13.0,10,Wilson,,11068,1986,False
236,824325613288833024,13.0,10,,pupper,12961,11791,False
237,823939628516474880,12.0,10,Cash,,11712,3110,False
238,823699002998870016,12.0,10,Winston,,13786,2764,False
239,823322678127919110,11.0,10,Wyatt,,17363,4615,False
240,822872901745569793,13.0,10,,puppo,132318,47958,False
241,822859134160621569,12.0,10,Hobbes,,14526,2611,False
242,822610361945911296,12.0,10,,,16259,3409,False
243,822489057087389700,13.0,10,Paisley,,20023,7349,False
244,822462944365645825,14.0,10,Gabe,pupper,31684,17089,False
245,822244816520155136,11.0,10,,,38696,11350,False
246,821886076407029760,13.0,10,Jimison,,12529,2682,False
247,821765923262631936,13.0,10,Duchess,doggo,9285,1893,False
248,821522889702862852,13.0,10,Harlso,,8842,2021,False
249,821407182352777218,14.0,10,Sundance,doggo,13026,5031,False
250,821149554670182400,12.0,10,Luca,,9678,2309,False
251,821107785811234820,11.0,10,,doggo,10596,2477,False
252,821044531881721856,12.0,10,Flash,,13974,2622,False
253,820749716845686786,13.0,10,Sunny,,34862,11466,False
254,820690176645140481,12.0,10,,floof,13476,3699,False
255,820314633777061888,14.0,10,,,3696,646,False
256,819952236453363712,13.0,10,Oliver,puppo,5903,1361,False
257,819588359383371776,13.0,10,Jazzy,,10556,2259,False
258,819347104292290561,12.0,10,,,7982,1377,False
259,819227688460238848,12.0,10,Finn,,25548,7694,False
260,819004803107983360,14.0,10,Bo,doggo,95138,42045,False
261,818627210458333184,13.0,10,Wafer,,24481,8527,False
262,818259473185828864,12.0,10,Florence,,12163,2611,False
263,818145370475810820,11.0,10,Autumn,,13621,2993,False
264,817827839487737858,13.0,10,Buddy,,57371,31140,False
265,817777686764523521,13.0,10,Dido,"pupper,doggo",11855,3071,False
266,817536400337801217,12.0,10,,,13051,3488,False
267,817415592588222464,11.0,10,Strudel,,6234,1122,False
268,817171292965273600,13.0,10,Tebow,,9650,2315,False
269,817120970343411712,13.0,10,,,13331,3004,False
270,817056546584727552,11.0,10,Chloe,,9489,1916,False
271,816816676327063552,12.0,10,Timber,,11030,2350,False
272,816697700272001025,12.0,10,Binky,,10860,2529,False
273,816336735214911488,11.0,10,Dudley,,9529,2253,False
274,816091915477250048,12.0,10,Comet,,9882,2490,False
275,815990720817401858,11.0,10,Jack,doggo,5526,1201,False
276,815966073409433600,13.0,10,,pupper,24964,9846,False
277,815736392542261248,11.0,10,Akumi,,10894,2607,False
278,815639385530101762,12.0,10,Titan,,9130,1901,False
279,814986499976527872,11.0,10,Cooper,pupper,8447,1500,False
280,814638523311648768,12.0,10,Olivia,,12481,3119,False
281,814530161257443328,12.0,10,Alf,,9597,2143,False
282,814153002265309185,12.0,10,Oshie,,31880,10034,False
283,813910438903693312,11.0,10,Chubbs,doggo,10296,2180,False
284,813812741911748608,14.0,10,,,40231,16183,False
285,813800681631023104,12.0,10,Sky,,9265,2042,False
286,813217897535406080,13.0,10,,,20708,8436,False
287,813202720496779264,11.0,10,,doggo,10160,2079,False
288,813187593374461952,13.0,10,,,22007,5063,False
289,813157409116065792,12.0,10,Layla,,8553,2547,False
290,813142292504645637,13.0,10,,,9316,2714,False
291,813127251579564032,11.0,10,,doggo,13188,3628,False
292,813096984823349248,11.0,10,Rocky,doggo,11644,4187,False
293,813081950185472002,11.0,10,Baron,,10956,3201,False
294,813066809284972545,12.0,10,Tyr,,8825,2259,False
295,813051746834595840,13.0,10,Bauer,,23221,8455,False
296,812781120811126785,10.0,10,Swagger,,8342,2187,False
297,812709060537683968,12.0,10,,,7344,1658,False
298,812372279581671427,13.0,10,Moe,,15161,4230,False
299,811985624773361665,11.0,10,Ted,,8067,1642,False
300,811744202451197953,13.0,10,Halo,,8390,1873,False
301,811627233043480576,10.0,10,Augie,,14210,3633,False
302,811386762094317568,11.0,10,Craig,pupper,23211,7405,False
303,810984652412424192,34.285714285714285,10,Sam,,5904,1647,False
304,810896069567610880,11.0,10,Hunter,,10057,2082,False
305,810657578271330305,11.0,10,Pavlov,,12150,3043,False
306,810284430598270976,13.0,10,Phil,,39481,13304,False
307,810254108431155201,12.0,10,Gus,,16308,3880,False
308,809920764300447744,10.0,10,,,17181,4498,False
309,809448704142938112,12.0,10,,,7693,1687,False
310,809220051211603969,12.0,10,Kyro,,22165,6519,False
311,809084759137812480,11.0,10,Wallace,,14628,4029,False
312,808838249661788160,13.0,10,Ito,,11221,3516,False
313,808501579447930884,12.0,10,Koda,,12533,2996,False
314,808106460588765185,12.0,10,,"pupper,doggo",9671,2515,False
315,808001312164028416,12.0,10,Cooper,,13948,4075,False
316,807621403335917568,14.0,10,,pupper,16179,4267,False
317,807106840509214720,13.0,10,Stephan,,106634,56373,False
318,807010152071229440,12.0,10,Lennon,pupper,14452,4402,False
319,806542213899489280,11.0,10,Waffles,,11321,2747,False
320,806219024703037440,11.0,10,,,7122,1383,False
321,805932879469572096,12.0,10,Major,,9164,2195,False
322,805826884734976000,12.0,10,Duke,puppo,7304,2126,False
323,805520635690676224,13.0,10,,,6342,1899,False
324,805207613751304193,12.0,10,Shooter,,8644,1964,False
325,804738756058218496,12.0,10,Django,,15262,4461,False
326,803773340896923648,12.0,10,Diogi,puppo,11157,3202,False
327,803638050916102144,13.0,10,,pupper,12226,4803,False
328,803276597545603072,11.0,10,Winston,,11161,2868,False
329,802952499103731712,12.0,10,Marley,,10047,2322,False
330,802572683846291456,12.0,10,Winnie,,9919,2909,False
331,802265048156610565,11.0,10,,"pupper,doggo",7011,1568,False
332,802239329049477120,12.0,10,Loki,puppo,10088,3029,False
333,801958328846974976,12.0,10,Ronnie,,8574,1984,False
334,801538201127157760,12.0,10,Wallace,,9109,2377,False
335,801167903437357056,13.0,10,Milo,,27290,6925,False
336,801115127852503040,12.0,10,Bones,"pupper,doggo",8972,2417,False
337,800751577355128832,12.0,10,,,11655,3203,False
338,800513324630806528,11.0,10,Chef,,14632,3476,False
339,800388270626521089,12.0,10,Doc,floof,12409,3250,False
340,800141422401830912,13.0,10,Peaches,,17023,2968,False
341,799757965289017345,13.0,10,Sobe,doggo,9352,2497,False
342,799422933579902976,12.0,10,,,8938,2207,False
343,799297110730567681,11.0,10,Jeffrey,,11024,3214,False
344,799063482566066176,11.0,10,Mister,,9024,2852,False
345,798933969379225600,12.0,10,Iroh,,14669,5177,False
346,798925684722855936,11.0,10,Shadow,,8223,1657,False
347,798209839306514432,13.0,10,Cooper,,11508,2947,False
348,797971864723324932,12.0,10,,pupper,12975,3636,False
349,797545162159308800,12.0,10,Cassie,,16135,5622,False
350,797236660651966464,12.0,10,Pancake,,22250,7693,False
351,796865951799083009,12.0,10,Tyr,,8528,2188,False
352,796759840936919040,11.0,10,Romeo,,13222,3549,False
353,796484825502875648,12.0,10,,doggo,8444,2035,False
354,796387464403357696,12.0,10,Snicku,,12278,4830,False
355,796149749086875649,11.0,10,Ruby,,36048,16559,False
356,796116448414461957,11.0,10,,,10109,2796,False
357,796080075804475393,12.0,10,Yogi,floof,9426,2690,False
358,796031486298386433,13.0,10,Daisy,,12020,4271,False
359,795464331001561088,13.0,10,,doggo,55479,27586,False
360,795400264262053889,12.0,10,Brody,,11229,3310,False
361,794332329137291264,12.0,10,,floof,10648,3076,False
362,793962221541933056,12.0,10,Maximus,,18820,5679,False
363,793845145112371200,13.0,10,Clark,,10247,2177,False
364,793601777308463104,12.0,10,Dobby,,8881,1901,False
365,793500921481273345,12.0,10,Fiona,,11908,2772,False
366,793286476301799424,13.0,10,Moreton,,27474,10673,False
367,793271401113350145,12.0,10,Dave,,9649,2751,False
368,793256262322548741,12.0,10,,,22263,9661,False
369,793241302385262592,13.0,10,Tucker,,11741,3790,False
370,793226087023144960,11.0,10,Juno,,10961,3322,False
371,793195938047070209,12.0,10,Lily,puppo,17001,6504,False
372,793180763617361921,11.0,10,Newt,,7710,2306,False
373,793165685325201412,12.0,10,Benji,,10436,3227,False
374,793150605191548928,11.0,10,Nida,,6886,1982,False
375,793120401413079041,11.0,10,Robin,,14138,4533,False
376,792883833364439040,12.0,10,Bailey,,12612,4950,False
377,792773781206999040,12.0,10,Monster,,8170,1958,False
378,792394556390137856,12.0,10,,,15071,4976,False
379,791672322847637504,13.0,10,,,13086,3646,False
380,790987426131050500,12.0,10,Misty,,11041,2468,False
381,790698755171364864,12.0,10,Mosby,,9118,2191,False
382,790581949425475584,11.0,10,Duke,,22397,8143,False
383,790337589677002753,12.0,10,Maggie,,8696,2160,False
384,790277117346975746,11.0,10,Bruce,,14015,3717,False
385,789628658055020548,13.0,10,Eli,,8410,2072,False
386,789599242079838210,12.0,10,Brownie,,7579,2267,False
387,789530877013393408,12.0,10,Rizzy,,13117,3924,False
388,789268448748703744,10.0,10,Stella,,10147,2996,False
389,789137962068021249,12.0,10,Bo,,10824,3232,False
390,788765914992902144,12.0,10,Butter,,30604,11969,False
391,788412144018661376,11.0,10,Dexter,,15998,5964,False
392,788178268662984705,13.0,10,,,8060,2477,False
393,788150585577050112,13.0,10,Leo,,6837,1502,False
394,787810552592695296,11.0,10,Frank,,9678,3523,False
395,787717603741622272,13.0,10,Tonks,puppo,11370,3226,False
396,787397959788929025,11.0,10,Moose,,12064,3281,False
397,786963064373534720,12.0,10,Rory,,29595,9272,False
398,786709082849828864,9.75,10,,,20221,7033,False
399,786664955043049472,12.0,10,,,11908,2981,False
400,786595970293370880,11.0,10,Dale,,10460,3575,False
401,786363235746385920,13.0,10,Rizzo,doggo,12129,4054,False
402,786233965241827333,11.0,10,Mattie,,17100,5529,False
403,785872687017132033,12.0,10,Rusty,,7452,2112,False
404,785533386513321988,11.0,10,Dallas,,10146,2318,False
405,785170936622350336,11.0,10,Hero,,13438,5608,False
406,784826020293709826,13.0,10,Rusty,,11268,3698,False
407,784517518371221505,11.0,10,Frankie,,10005,2945,False
408,784431430411685888,12.0,10,Stormy,,6308,1479,False
409,783821107061198850,12.0,10,Mairi,,8176,2259,False
410,783695101801398276,12.0,10,Loomis,,11595,3706,False
411,783466772167098368,11.0,10,Finn,,9426,2586,False
412,783334639985389568,12.0,10,Dave,,32504,13512,False
413,783085703974514689,11.0,10,Earl,,9069,2541,False
414,782747134529531904,11.0,10,Deacon,doggo,8276,1593,False
415,782722598790725632,10.0,10,Penny,,19173,6201,False
416,782598640137187329,11.0,10,Timmy,,8664,2177,False
417,782305867769217024,12.0,10,Sampson,doggo,18547,6424,False
418,781661882474196992,5.0,10,,,11586,3107,False
419,781251288990355457,11.0,10,Oakley,,9403,2430,False
420,781163403222056960,10.0,10,,,10852,3149,False
421,780858289093574656,10.0,10,Dash,,8007,2311,False
422,780800785462489090,11.0,10,Koda,,6114,1493,False
423,780601303617732608,12.0,10,Hercules,,13464,3810,False
424,780543529827336192,12.0,10,,floof,7001,2008,False
425,780459368902959104,11.0,10,Bear,,5868,1221,False
426,780192070812196864,11.0,10,,floof,9671,2571,False
427,779834332596887552,11.0,10,Scout,,21161,8148,False
428,779123168116150273,12.0,10,Reggie,,13146,4189,False
429,779056095788752897,13.0,10,,,16444,5202,False
430,778990705243029504,11.0,10,Jay,,22262,8371,False
431,778748913645780993,11.0,10,,,7681,1549,False
432,778650543019483137,10.0,10,Strider,,6415,1714,False
433,778624900596654080,11.0,10,Penny,,5166,1165,False
434,778408200802557953,14.0,10,,,15089,4988,False
435,778383385161035776,13.0,10,Nala,,6502,1264,False
436,778286810187399168,11.0,10,Stanley,,11529,3804,False
437,778039087836069888,12.0,10,,pupper,9386,3040,False
438,778027034220126208,11.27,10,Sophie,pupper,7292,1867,False
439,777885040357281792,3.0,10,Wesley,,7054,1882,False
440,777684233540206592,11.5,10,,,12468,3390,False
441,777621514455814149,12.0,10,Derek,,9706,2884,False
442,777189768882946048,12.0,10,Jeffrey,,15858,4965,False
443,776813020089548800,12.0,10,Solomon,,5420,1393,False
444,776477788987613185,11.0,10,Huck,pupper,9823,3223,False
445,776218204058357768,13.0,10,,floof,33209,18343,False
446,776201521193218049,10.0,10,,,10635,2890,False
447,775364825476165632,11.0,10,Finley,doggo,8265,3445,False
448,775085132600442880,13.0,10,Tucker,,17218,5448,False
449,774757898236878852,12.0,10,Finley,,9429,2023,False
450,774639387460112384,10.0,10,Sprinkles,,7461,2000,False
451,774314403806253056,14.0,10,,,24093,6425,False
452,773922284943896577,12.0,10,,floof,7078,1980,False
453,773704687002451968,12.0,10,Loki,,7287,1873,False
454,773670353721753600,10.0,10,Shakespeare,,5910,1489,False
455,773547596996571136,11.0,10,Chelsea,pupper,24461,7085,False
456,773191612633579521,12.0,10,Grey,,11079,4713,False
457,772826264096874500,11.0,10,Roosevelt,,8820,2654,False
458,772581559778025472,10.0,10,,,7167,1954,False
459,772193107915964416,12.0,10,Willem,pupper,6642,1596,False
460,772152991789019136,10.0,10,,,4168,1292,False
461,772117678702071809,12.0,10,Jack,,4153,844,False
462,772114945936949249,10.0,10,Finn,,2994,544,False
463,772102971039580160,11.0,10,Penny,,4438,1060,False
464,771770456517009408,11.0,10,Davey,,13308,3901,False
465,771500966810099713,12.0,10,Dakota,,9146,2992,False
466,771380798096281600,11.0,10,Fizz,,11692,5860,False
467,771102124360998913,12.0,10,Charlie,,6875,1648,False
468,770787852854652928,10.0,10,Winston,,5478,1407,False
469,770772759874076672,11.0,10,Sebastian,,5734,1611,False
470,770293558247038976,10.0,10,Jackson,,6899,1703,False
471,770069151037685760,10.0,10,Carbon,,8353,2633,False
472,769940425801170949,12.0,10,Klein,,34822,11050,False
473,769695466921623552,13.0,10,Titan,,7073,1911,False
474,769212283578875904,12.0,10,,,5963,1954,False
475,768970937022709760,12.0,10,Kirby,,15958,7503,False
476,768855141948723200,11.0,10,Jesse,,4645,1028,False
477,768609597686943744,10.0,10,Lou,,4562,1378,False
478,768596291618299904,12.0,10,,,5565,1464,False
479,768473857036525572,11.0,10,Chevy,,15048,3932,False
480,767754930266464257,11.0,10,Philbert,,17733,6178,False
481,767500508068192258,12.0,10,Louie,,8253,2671,False
482,767122157629476866,13.0,10,Rupert,,11180,3246,False
483,766793450729734144,10.0,10,Rufus,,5626,1556,False
484,766693177336135680,11.0,10,Brudge,,4467,912,False
485,766423258543644672,9.0,10,Shadoe,,6651,1810,False
486,766313316352462849,12.0,10,Oscar,,7467,2156,False
487,766069199026450432,12.0,10,Juno,,4735,997,False
488,766008592277377025,11.0,10,Angel,,4120,568,False
489,765719909049503744,12.0,10,Brat,,7990,2461,False
490,765669560888528897,12.0,10,Tove,,5724,1402,False
491,765395769549590528,13.0,10,Zoey,,20472,3114,False
492,765371061932261376,11.0,10,Louie,pupper,7813,2461,False
493,765222098633691136,10.0,10,Gromit,,12843,3881,False
494,764857477905154048,12.0,10,Aubie,,7072,2016,False
495,764259802650378240,10.0,10,,,6688,1735,False
496,763837565564780549,11.0,10,Alfie,,13984,4818,False
497,763183847194451968,8.0,10,Clark,,5981,1690,False
498,762699858130116608,11.0,10,Leela,,13468,4171,False
499,762471784394268675,12.0,10,Glenn,,12526,7546,False
500,761976711479193600,12.0,10,Shelby,,5962,2297,False
501,761599872357261312,11.0,10,Sephie,,4559,1330,False
502,761334018830917632,10.0,10,Bruce,,5761,1658,False
503,761292947749015552,11.0,10,Bonaparte,,4937,1256,False
504,761004547850530816,11.0,10,,,12422,3933,False
505,760893934457552897,11.0,10,Wishes,doggo,4212,1101,False
506,760656994973933572,11.0,10,Rose,,7308,2198,False
507,760539183865880579,12.0,10,Atlas,,8354,4148,False
508,760290219849637889,13.0,10,Rocco,,29503,13070,False
509,759923798737051648,10.0,10,,,16212,6481,False
510,759846353224826880,11.0,10,Kirby,,7399,2256,False
511,759793422261743616,12.0,10,,"pupper,doggo",6585,2164,False
512,759557299618865152,10.0,10,Emma,,5185,1337,False
513,759447681597108224,11.0,10,Oakley,,9382,2809,False
514,759197388317847553,12.0,10,Luna,,6697,2208,False
515,759099523532779520,7.0,10,Toby,,16047,4790,False
516,759047813560868866,11.0,10,Spencer,,7201,2291,False
517,758828659922702336,13.0,10,,doggo,12323,4351,False
518,758740312047005698,12.0,10,Boston,,6317,1819,False
519,758474966123810816,11.0,10,Brandonald,,4205,1125,False
520,758467244762497024,11.0,10,,,5297,2516,False
521,758355060040593408,11.0,10,Corey,,3782,1239,False
522,757725642876129280,11.0,10,Beckham,,4994,1384,False
523,757611664640446465,12.0,10,Cooper,,5007,1265,False
524,757393109802180609,10.0,10,,doggo,6434,1996,False
525,757354760399941633,8.0,10,,,4973,1624,False
526,756939218950160384,12.0,10,Jax,pupper,7306,2283,False
527,756651752796094464,11.0,10,Gert,,5588,1503,False
528,756303284449767430,11.0,10,,,4345,1224,False
529,756275833623502848,10.0,10,,puppo,7090,1733,False
530,755955933503782912,12.0,10,,pupper,8064,3274,False
531,755110668769038337,13.0,10,Watson,,23353,12554,False
532,754856583969079297,11.0,10,Winnie,,7578,2856,False
533,754449512966619136,11.0,10,Dex,,4132,840,False
534,754120377874386944,10.0,10,,,8628,2655,False
535,754011816964026368,12.0,10,Charlie,,9683,4064,False
536,753655901052166144,10.0,10,,,6424,2482,False
537,753398408988139520,12.0,10,Scout,,6357,2174,False
538,753375668877008896,8.0,10,Hank,,8365,2644,False
539,753294487569522689,11.0,10,Ace,,3740,1183,False
540,753026973505581056,10.0,10,Tayzie,,4259,1103,False
541,752917284578922496,11.0,10,Grizzie,,7551,1781,False
542,752682090207055872,10.0,10,,doggo,6621,1829,False
543,752660715232722944,10.0,10,,doggo,4860,1784,False
544,752519690950500352,11.0,10,,puppo,8116,3895,False
545,752334515931054080,8.0,10,,doggo,4213,1258,False
546,752173152931807232,12.0,10,Brody,,6548,2097,False
547,751937170840121344,11.0,10,Ruby,,5746,1516,False
548,751830394383790080,12.0,10,Tucker,,6394,2213,False
549,751598357617971201,13.0,10,Toby,,8665,3419,False
550,751583847268179968,5.0,10,,"pupper,doggo",4837,1260,False
551,751538714308972544,10.0,10,Max,,5526,1437,False
552,751456908746354688,12.0,10,,pupper,3501,1120,False
553,751251247299190784,10.0,10,Gilbert,floof,13727,6657,False
554,751205363882532864,12.0,10,,,6920,2074,False
555,751132876104687617,10.0,10,Cooper,puppo,5595,1475,False
556,750719632563142656,12.0,10,Meyer,,14563,5720,False
557,750429297815552001,12.0,10,Arnie,floof,14506,4915,False
558,750383411068534784,9.0,10,Zoe,pupper,4984,1300,False
559,750147208377409536,13.0,10,,,3399,1091,False
560,750132105863102464,11.0,10,Stewie,,3977,1430,False
561,750117059602808832,10.0,10,Calvin,,4725,1458,False
562,750086836815486976,12.0,10,Spanky,,2375,612,False
563,750071704093859840,10.0,10,,pupper,8618,3782,False
564,750056684286914561,11.0,10,Jameson,,3429,1006,False
565,750041628174217216,13.0,10,Beau,,3484,701,False
566,750026558547456000,10.0,10,,,2973,884,False
567,749996283729883136,12.0,10,Bo,,3319,913,False
568,749774190421639168,12.0,10,Lucy,,5092,1489,False
569,749417653287129088,11.0,10,Finn,pupper,6688,1891,False
570,749403093750648834,10.0,10,,,2878,617,False
571,749395845976588288,10.0,10,George,,9457,3927,False
572,749317047558017024,12.0,10,Blu,floof,6038,2496,False
573,749064354620928000,11.0,10,Winston,,5259,1708,False
574,748977405889503236,10.0,10,,,11187,3746,False
575,748932637671223296,13.0,10,,doggo,6425,2555,False
576,748699167502000129,11.0,10,Tripp,,5190,1810,False
577,748568946752774144,12.0,10,Cora,,2399,771,False
578,748346686624440324,10.0,10,,,5709,1404,False
579,748324050481647620,11.0,10,Duke,,4059,865,False
580,747963614829678593,10.0,10,,pupper,6360,2433,False
581,747933425676525569,11.0,10,,floof,7266,2881,False
582,747885874273214464,8.0,10,,,3226,1112,False
583,747844099428986880,11.0,10,Huxley,,3070,846,False
584,747816857231626240,4.0,10,,,5316,1309,False
585,747600769478692864,8.5,10,,,2536,615,False
586,747594051852075008,11.0,10,,,4043,1199,False
587,747512671126323200,10.0,10,,,6085,1796,False
588,747103485104099331,11.0,10,,,10495,4527,False
589,746872823977771008,11.0,10,,,6556,2418,False
590,746790600704425984,10.0,10,,,5322,1800,False
591,746726898085036033,12.0,10,Abby,,6622,2028,False
592,746507379341139972,10.0,10,Shiloh,,5074,1222,False
593,746369468511756288,9.0,10,,,6611,1846,False
594,746131877086527488,10.0,10,Gustav,,7539,2493,False
595,746056683365994496,11.0,10,,pupper,3884,927,False
596,745789745784041472,10.0,10,Gus,,4413,1201,False
597,745422732645535745,9.0,10,,,9367,2754,False
598,745057283344719872,12.0,10,Oliver,,7909,2568,False
599,744995568523612160,9.0,10,Abby,puppo,3265,707,False
600,744971049620602880,12.0,10,,,8608,3027,False
601,744709971296780288,10.0,10,Harvey,,6127,1757,False
602,744334592493166593,11.0,10,Blanket,,7407,2404,False
603,744234799360020481,13.0,10,,doggo,130533,79116,False
604,743980027717509120,11.0,10,Geno,,4530,1227,False
605,743895849529389061,10.0,10,,,3974,1079,False
606,743609206067040256,10.0,10,Stark,,4889,1554,False
607,743545585370791937,11.0,10,,,3851,1060,False
608,743253157753532416,10.0,10,Kilo,puppo,4600,1359,False
609,743222593470234624,12.0,10,,pupper,6764,2151,False
610,743210557239623680,10.0,10,,,4186,1545,False
611,742423170473463808,12.0,10,Bell,,10771,4293,False
612,742385895052087300,11.0,10,Phil,,7432,2251,False
613,741793263812808706,10.0,10,,,4959,1691,False
614,741743634094141440,11.0,10,Aqua,pupper,8905,3121,False
615,741438259667034112,9.0,10,Tucker,,4005,935,False
616,741303864243200000,12.0,10,Theodore,,9600,3631,False
617,741067306818797568,12.0,10,,"pupper,doggo",10295,3492,False
618,740995100998766593,10.0,10,Leo,,6984,3131,False
619,740711788199743490,9.0,10,,,3724,1058,False
620,740373189193256964,10.952380952380953,10,,,37704,15029,False
621,740359016048689152,9.0,10,Chase,,3600,959,False
622,740214038584557568,10.0,10,,,7300,2211,False
623,739979191639244800,12.0,10,Nollie,,21815,6673,False
624,739932936087216128,10.0,10,Rorie,,4426,1211,False
625,739844404073074688,12.0,10,Simba,,4128,958,False
626,739606147276148736,9.0,10,Benji,pupper,5878,1867,False
627,739544079319588864,10.0,10,,,43517,24183,False
628,739485634323156992,6.0,10,Kyle,,7850,3295,False
629,739238157791694849,13.0,10,,doggo,74885,52101,False
630,738883359779196928,10.0,10,,,3652,914,False
631,738537504001953792,11.0,10,Bayley,puppo,5555,1751,False
632,738402415918125056,10.0,10,,,3586,949,False
633,738184450748633089,9.0,10,,,4704,1355,False
634,738166403467907072,12.0,10,Axel,,9587,3818,False
635,738156290900254721,10.0,10,Storkson,,2760,743,False
636,737826014890496000,10.0,10,Remy,,5735,2001,False
637,737800304142471168,10.0,10,Bella,,10902,3887,False
638,737678689543020544,11.0,10,,,5505,1506,False
639,737445876994609152,13.0,10,,floof,11252,5024,False
640,736736130620620800,13.0,10,Chadrick,,4715,1958,False
641,736225175608430592,10.0,10,,,8859,3099,False
642,736010884653420544,10.0,10,,,8613,3334,False
643,735991953473572864,11.0,10,Maxaroni,,3919,1280,False
644,735648611367784448,12.0,10,,pupper,4382,1230,False
645,735635087207878657,11.0,10,Dakota,,6750,2648,False
646,735256018284875776,8.0,10,Kellogg,doggo,3660,987,False
647,735137028879360001,9.0,10,Buckley,pupper,3412,1089,False
648,734912297295085568,10.0,10,Jax,,2972,571,False
649,734776360183431168,11.0,10,Livvie,,2727,606,False
650,733828123016450049,10.0,10,Terry,,3911,872,False
651,733822306246479872,10.0,10,Moose,floof,4003,1136,False
652,733482008106668032,10.0,10,,,3432,1059,False
653,733460102733135873,11.0,10,Hermione,,4588,1442,False
654,733109485275860992,12.0,10,,"pupper,doggo",44456,17522,False
655,732726085725589504,11.0,10,Aldrick,,3841,997,False
656,732585889486888962,10.0,10,,,4004,861,False
657,732005617171337216,11.0,10,Larry,,16251,6115,False
658,731285275100512256,12.0,10,Solomon,,3784,1087,False
659,730573383004487680,10.0,10,Rooney,pupper,5377,2422,False
660,730427201120833536,11.0,10,Crystal,,3782,1171,False
661,730211855403241472,11.0,10,Ziva,,4157,1178,False
662,729823566028484608,13.0,10,Stefan,,4338,1385,False
663,729463711119904772,13.0,10,Pupcasso,,6315,2573,False
664,728986383096946689,11.0,10,Puff,,3443,911,False
665,728760639972315136,13.0,10,,,5069,1901,False
666,728751179681943552,10.0,10,Flurpson,,3022,754,False
667,728387165835677696,12.0,10,,,3977,1071,False
668,728046963732717569,11.0,10,Raymond,,4697,1318,False
669,728015554473250816,11.0,10,Rueben,pupper,4455,1214,False
670,727685679342333952,12.0,10,Cilantro,,3191,717,False
671,727644517743104000,13.0,10,,doggo,6403,1953,False
672,727524757080539137,10.0,10,,pupper,4872,1374,False
673,727314416056803329,11.0,10,,pupper,3605,831,False
674,727175381690781696,10.0,10,Karll,,4192,1538,False
675,726935089318363137,12.0,10,Sprout,,7470,2731,False
676,726887082820554753,10.0,10,Blitz,,4176,1672,False
677,726828223124897792,12.0,10,Bloop,,3864,1122,False
678,726224900189511680,9.0,10,,,4786,1296,False
679,725842289046749185,12.0,10,Colby,,7658,2955,False
680,725786712245440512,11.0,10,Lillie,"floof,pupper",4511,1520,False
681,725729321944506368,12.0,10,Lola,,5625,1995,False
682,724983749226668032,12.0,10,,,4016,1455,False
683,724771698126512129,11.0,10,,doggo,2581,718,False
684,724405726123311104,10.0,10,Ashleigh,pupper,5772,1841,False
685,724049859469295616,10.0,10,Kreggory,,4708,1977,False
686,724046343203856385,10.0,10,Sarge,,2888,617,False
687,723912936180330496,12.0,10,Sugar,floof,4223,1370,False
688,723688335806480385,12.0,10,Reginald,,8406,3327,False
689,723673163800948736,10.0,10,Ivar,,3279,1004,False
690,722974582966214656,5.666666666666666,10,,,4473,1754,False
691,722613351520608256,12.0,10,Schnitzel,floof,5369,1824,False
692,721503162398597120,11.0,10,Panda,,5066,2117,False
693,721001180231503872,11.0,10,Oliver,pupper,2733,685,False
694,720785406564900865,12.0,10,Archie,,3387,861,False
695,720775346191278080,10.0,10,Berkeley,,2689,754,False
696,720415127506415616,10.0,10,,,4480,1669,False
697,720389942216527872,11.0,10,,,6954,2822,False
698,720059472081784833,9.0,10,Charleson,,4207,1262,False
699,720043174954147842,11.0,10,Neptune,floof,5310,2240,False
700,719991154352222208,10.0,10,,doggo,5249,1968,False
701,719551379208073216,10.0,10,Harnold,,5501,2177,False
702,719339463458033665,10.0,10,,,4793,1393,False
703,719332531645071360,11.0,10,Pippa,,3691,1070,False
704,718971898235854848,10.0,10,Sadie,,3795,1223,False
705,718939241951195136,12.0,10,Otis,,5694,1964,False
706,718631497683582976,10.0,10,,,20628,9060,False
707,718613305783398402,11.0,10,Carper,,2656,539,False
708,718540630683709445,10.0,10,,,2719,1129,False
709,718246886998687744,3.0,10,Alexanderson,,2097,561,False
710,718234618122661888,11.0,10,Suki,,4201,1118,False
711,717841801130979328,11.0,10,Barclay,,2648,666,False
712,717537687239008257,11.0,10,,,6256,2059,False
713,717421804990701568,9.0,10,Ebby,,3429,943,False
714,717047459982213120,12.0,10,,,6799,2128,False
715,717009362452090881,10.0,10,Smokey,pupper,3565,1098,False
716,716802964044845056,10.0,10,Link,,4609,1311,False
717,716791146589110272,11.0,10,Jennifur,,5190,1473,False
718,716439118184652801,10.166666666666666,10,Bluebert,,2562,246,False
719,716285507865542656,12.0,10,Stephanus,,3025,1218,False
720,716080869887381504,11.0,10,,doggo,5252,1926,False
721,715928423106027520,11.0,10,Bubbles,,3470,985,False
722,715733265223708672,10.0,10,,,5070,1908,False
723,715696743237730304,10.0,10,Toby,,4237,1443,False
724,715680795826982913,12.0,10,Zeus,,4699,1808,False
725,715342466308784130,10.0,10,Oscar,,3279,766,False
726,715220193576927233,10.0,10,Nico,,2613,734,False
727,715200624753819648,12.0,10,Michelangelope,,5565,2098,False
728,714982300363173890,9.0,10,Calbert,,4076,1162,False
729,714957620017307648,10.0,10,Curtis,,4487,1588,False
730,714606013974974464,12.0,10,,pupper,3924,1036,False
731,714258258790387713,9.0,10,,,3265,805,False
732,714251586676113411,8.0,10,Thumas,,3552,938,False
733,714214115368108032,13.0,10,,,2471,985,False
734,714141408463036416,10.0,10,,,4657,1560,False
735,713919462244790272,12.0,10,Kanu,,3545,867,False
736,713900603437621249,11.0,10,,pupper,3049,827,False
737,713761197720473600,12.0,10,Piper,,5289,1536,False
738,713411074226274305,11.0,10,,floof,4778,1432,False
739,713177543487135744,10.0,10,Lance,,7817,3167,False
740,712809025985978368,10.0,10,Stubert,,20286,7555,False
741,712717840512598017,10.0,10,,,13412,5591,False
742,712668654853337088,10.0,10,,,4509,1363,False
743,712097430750289920,10.0,10,,,4123,1165,False
744,712085617388212225,11.0,10,,,3515,554,False
745,711743778164514816,11.0,10,Roosevelt,,3086,1097,False
746,711732680602345472,10.0,10,,,9713,4621,False
747,711363825979756544,11.0,10,,,3981,1281,False
748,711008018775851008,11.0,10,Chuckles,pupper,3255,703,False
749,710997087345876993,12.0,10,,,4943,1554,False
750,710833117892898816,12.0,10,Sora,,2928,603,False
751,710658690886586372,10.0,10,,pupper,2513,633,False
752,710283270106132480,11.0,10,Gunner,,2298,578,False
753,710272297844797440,11.0,10,,,4911,1414,False
754,710269109699739648,13.0,10,,,2597,1255,False
755,710140971284037632,8.0,10,Tater,,2999,1000,False
756,710117014656950272,11.0,10,,pupper,5975,2224,False
757,709918798883774466,12.0,10,Watson,,3235,1207,False
758,709852847387627521,12.0,10,,,3803,1331,False
759,709566166965075968,12.0,10,Olaf,floof,3846,1363,False
760,709556954897764353,12.0,10,Cecil,floof,3575,1196,False
761,709519240576036864,9.0,10,Vince,,1612,276,False
762,709449600415961088,10.0,10,Karma,,2417,663,False
763,709409458133323776,8.0,10,Billy,,2836,782,False
764,709225125749587968,11.0,10,Walker,,2604,643,False
765,709207347839836162,11.0,10,Penny,,13684,6529,False
766,709198395643068416,9.0,10,,,2623,716,False
767,709158332880297985,10.0,10,Rodney,,2224,469,False
768,708845821941387268,9.0,10,,pupper,3217,1008,False
769,708834316713893888,10.0,10,Malikai,,1848,568,False
770,708810915978854401,10.0,10,Mister,,17967,7800,False
771,708738143638450176,11.0,10,Coco,,2984,914,False
772,708711088997666817,11.0,10,Smokey,,2771,829,False
773,708479650088034305,13.0,10,Bear,,2756,760,False
774,708469915515297792,11.0,10,Bobble,,3343,921,False
775,708356463048204288,10.0,10,Oliver,,3907,1511,False
776,708149363256774660,10.0,10,Jebberson,,4639,1722,False
777,708130923141795840,11.0,10,,,3682,935,False
778,708119489313951744,9.0,10,Cooper,,2924,1101,False
779,708109389455101952,10.0,10,Remington,,2109,606,False
780,708026248782585858,13.0,10,,,4772,2158,False
781,707969809498152960,11.0,10,Rufus,,2932,1090,False
782,707776935007539200,11.0,10,Sadie,,3570,1072,False
783,707741517457260545,10.0,10,,,2706,691,False
784,707610948723478529,12.0,10,Harper,,18484,7196,False
785,707411934438625280,11.0,10,,pupper,2475,670,False
786,707387676719185920,10.0,10,Clarkus,,3823,1478,False
787,707377100785885184,9.0,10,,,3585,1208,False
788,707315916783140866,10.0,10,Finnegus,pupper,2691,725,False
789,707297311098011648,10.0,10,Cassie,,3008,901,False
790,707059547140169728,11.0,10,Cupcake,,2790,754,False
791,707038192327901184,10.0,10,Kathmandu,,2391,897,False
792,707021089608753152,12.0,10,Tucker,,4424,1535,False
793,707014260413456384,11.0,10,Ellie,,2496,659,False
794,706681918348251136,12.0,10,Katie,,3608,1091,False
795,706538006853918722,11.0,10,,,3757,1574,False
796,706516534877929472,12.0,10,,,3388,1147,False
797,706346369204748288,12.0,10,Koda,,3755,1030,False
798,706310011488698368,12.0,10,,pupper,23355,8987,False
799,706291001778950144,11.0,10,,,1850,521,False
800,706265994973601792,11.0,10,Kara,,2964,1027,False
801,706166467411222528,7.0,10,Dexter,,5605,1811,False
802,705975130514706432,10.0,10,Adele,pupper,3386,838,False
803,705970349788291072,12.0,10,Lucy,,3424,1005,False
804,705898680587526145,10.0,10,Max,,2582,640,False
805,705591895322394625,11.0,10,,,3453,1301,False
806,705475953783398401,12.0,10,Zara,,3220,1042,False
807,705442520700944385,12.0,10,Cooper,,4860,1850,False
808,705428427625635840,11.0,10,Ambrose,pupper,4173,1924,False
809,705239209544720384,11.0,10,Jimothy,,3271,848,False
810,705102439679201280,10.0,10,Terrenth,,2339,580,False
811,705066031337840642,12.0,10,Reese,,2363,680,False
812,704871453724954624,12.0,10,,,4564,1244,False
813,704859558691414016,10.0,10,,pupper,2452,609,False
814,704847917308362754,12.0,10,,,5571,1722,False
815,704499785726889984,12.0,10,,,3196,1119,False
816,704480331685040129,11.0,10,Lucia,floof,3707,1193,False
817,704364645503647744,12.0,10,Bisquick,,8761,3972,False
818,704054845121142784,12.0,10,,pupper,3193,1023,False
819,703774238772166656,10.0,10,,,2015,523,False
820,703769065844768768,10.0,10,,,3609,1267,False
821,703611486317502464,10.0,10,Scooter,pupper,4214,1698,False
822,703425003149250560,9.0,10,,,4153,1554,False
823,703382836347330562,12.0,10,Charlie,,3821,1280,False
824,703356393781329922,5.5,10,Socks,,2079,429,False
825,703079050210877440,11.0,10,,floof,8044,3480,False
826,702684942141153280,11.0,10,Lucy,,3508,1212,False
827,702671118226825216,10.0,10,,,2390,632,False
828,702598099714314240,11.0,10,Sansa,pupper,11278,3691,False
829,702539513671897089,12.0,10,,,3122,1083,False
830,702321140488925184,12.0,10,,,3590,1150,False
831,702276748847800320,11.0,10,,,2695,855,False
832,702217446468493312,9.0,10,,,5243,1515,False
833,701981390485725185,12.0,10,Fiji,floof,3740,1102,False
834,701952816642965504,11.0,10,Rilo,,4146,1146,False
835,701889187134500865,11.0,10,Bilbo,,3890,1553,False
836,701601587219795968,10.0,10,Coopson,,2286,521,False
837,701570477911896070,9.0,10,Yoda,,3068,1050,False
838,701545186879471618,10.0,10,Millie,pupper,2892,678,False
839,701214700881756160,12.0,10,,,13398,5779,False
840,700864154249383937,12.0,10,,pupper,2818,683,False
841,700847567345688576,10.0,10,Crouton,,2631,555,False
842,700747788515020802,11.0,10,,,25015,10590,False
843,700518061187723268,10.0,10,Vincent,,2881,910,False
844,700167517596164096,10.0,10,Dotsy,,2887,832,False
845,700143752053182464,10.0,10,,pupper,8230,3103,False
846,700029284593901568,10.0,10,Coops,,2250,657,False
847,700002074055016451,9.0,10,Thumas,,3615,1523,False
848,699801817392291840,11.0,10,Cooper,pupper,3326,1084,False
849,699788877217865730,12.0,10,Nala,,2451,554,False
850,699779630832685056,10.0,10,,,3028,1393,False
851,699775878809702401,11.0,10,Fillup,,2135,686,False
852,699446877801091073,12.0,10,Archie,,6486,2926,False
853,699434518667751424,12.0,10,,pupper,2374,574,False
854,699423671849451520,10.0,10,,,1498,379,False
855,699413908797464576,11.0,10,Miley,,2250,687,False
856,699370870310113280,11.0,10,Calbert,,2050,494,False
857,699323444782047232,10.0,10,,,3451,977,False
858,699079609774645248,8.0,10,Reagan,,2668,739,False
859,699072405256409088,12.0,10,,,3274,1320,False
860,699036661657767936,13.0,10,,pupper,2852,1337,False
861,698989035503689728,13.0,10,Oliver,,3689,1108,False
862,698953797952008193,11.0,10,,,2959,1014,False
863,698907974262222848,10.0,10,,,2778,694,False
864,698710712454139905,10.0,10,Cuddles,,2701,770,False
865,698703483621523456,7.0,10,Rusty,,1597,425,False
866,698635131305795584,12.0,10,,floof,1397,384,False
867,698549713696649216,9.0,10,Claude,,2522,698,False
868,698355670425473025,10.0,10,Jessiga,,2037,510,False
869,698342080612007937,11.0,10,Maximus,,2476,1068,False
870,698262614669991936,11.0,10,Franklin,,5186,2258,False
871,698195409219559425,9.0,10,,,18319,6716,False
872,698178924120031232,10.0,10,Lily,,3072,824,False
873,697995514407682048,11.0,10,,,1660,369,False
874,697990423684476929,11.0,10,Doug,,3586,1448,False
875,697943111201378304,10.0,10,Cassie,,2623,774,False
876,697616773278015490,11.0,10,,pupper,3451,1137,False
877,697596423848730625,11.0,10,,pupper,3296,1419,False
878,697463031882764288,11.0,10,,,3730,1547,False
879,697270446429966336,10.0,10,Bentley,,5102,2080,False
880,697259378236399616,8.0,10,,,3597,1126,False
881,697255105972801536,10.0,10,Charlie,,3300,1310,False
882,696900204696625153,12.0,10,Rosie,,3476,1152,False
883,696894894812565505,9.0,10,,,2579,756,False
884,696886256886657024,12.0,10,,,5285,2001,False
885,696488710901260288,12.0,10,,,2779,1163,False
886,696405997980676096,7.0,10,Berb,,3516,1280,False
887,695816827381944320,11.0,10,,,3275,1315,False
888,695794761660297217,13.0,10,Wyatt,,3478,877,False
889,695767669421768709,13.0,10,,,2047,850,False
890,695629776980148225,8.0,10,Calvin,,4992,2364,False
891,695446424020918272,12.0,10,,,4766,2018,False
892,695409464418041856,10.0,10,Bob,,9420,4000,False
893,695314793360662529,10.0,10,Colin,,3991,1664,False
894,695095422348574720,12.0,10,,pupper,2873,680,False
895,695074328191332352,11.0,10,Lorenzo,pupper,3097,1234,False
896,695051054296211456,6.0,10,,,2910,881,False
897,694352839993344000,7.5,10,,,2231,696,False
898,694329668942569472,9.0,10,Grady,pupper,2189,567,False
899,694206574471057408,10.0,10,,,4571,2286,False
900,694001791655137281,11.0,10,Chester,floof,3691,1173,False
901,693942351086120961,10.0,10,Kobe,,1883,413,False
902,693642232151285760,9.0,10,Freddery,,2776,468,False
903,693629975228977152,12.0,10,,pupper,2670,889,False
904,693622659251335168,10.0,10,,,1680,421,False
905,693280720173801472,10.0,10,,,3654,1398,False
906,693262851218264065,11.0,10,,pupper,2440,567,False
907,693231807727280129,9.0,10,Bodie,,3115,835,False
908,693155686491000832,12.0,10,Dunkin,,8625,3606,False
909,693109034023534592,11.0,10,,,1882,692,False
910,692919143163629568,9.0,10,,,2914,835,False
911,692905862751522816,10.0,10,Wally,pupper,2667,994,False
912,692901601640583168,10.0,10,,,1964,680,False
913,692894228850999298,10.0,10,Tupawc,,2507,906,False
914,692828166163931137,12.0,10,,pupper,3141,993,False
915,692752401762250755,13.0,10,,pupper,7469,4102,False
916,692568918515392513,12.0,10,Chester,,4720,1729,False
917,692535307825213440,10.0,10,Amber,,3489,1522,False
918,692530551048294401,10.0,10,Cody,,2010,472,False
919,692187005137076224,12.0,10,,floof,2755,924,False
920,692158366030913536,10.0,10,Edgar,,2358,896,False
921,692142790915014657,13.0,10,,,1788,437,False
922,692017291282812928,9.0,10,,,3138,1077,False
923,691756958957883396,10.0,10,,,3163,1155,False
924,691675652215414786,10.0,10,,,2107,573,False
925,691483041324204033,7.5,10,,,2594,653,False
926,691459709405118465,12.0,10,Leo,,4437,1290,False
927,691444869282295808,12.0,10,Bailey,,2883,946,False
928,691416866452082688,13.0,10,,,21182,8638,False
929,691321916024623104,11.0,10,Molly,,2816,743,False
930,691096613310316544,11.0,10,,,3243,1016,False
931,690959652130045952,11.0,10,,pupper,3899,1415,False
932,690735892932222976,13.0,10,Peaches,floof,4113,1439,False
933,690728923253055490,8.0,10,Vinscent,,2372,596,False
934,690597161306841088,11.0,10,Lolo,,2159,679,False
935,690400367696297985,8.0,10,Eriq,,2035,509,False
936,690374419777196032,11.0,10,Phred,,3548,969,False
937,690360449368465409,9.0,10,,,2913,1003,False
938,690015576308211712,12.0,10,,pupper,2729,828,False
939,690005060500217858,10.0,10,,,3995,1896,False
940,689999384604450816,10.0,10,Covach,,1558,422,False
941,689877686181715968,9.0,10,Durg,,3302,1336,False
942,689835978131935233,10.5,10,,,2355,845,False
943,689661964914655233,12.0,10,Luca,floof,3486,1042,False
944,689623661272240129,10.0,10,Lucy,pupper,2452,745,False
945,689557536375177216,12.0,10,,,2249,516,False
946,689517482558820352,12.0,10,Carl,,3719,1605,False
947,689283819090870273,9.0,10,Chipson,,3609,1246,False
948,689280876073582592,10.0,10,Herald,,2188,814,False
949,689275259254616065,10.0,10,Lucky,,1265,284,False
950,689154315265683456,9.0,10,,,3335,1124,False
951,689143371370250240,10.0,10,Trip,pupper,2225,578,False
952,688916208532455424,11.0,10,,pupper,2996,979,False
953,688898160958271489,10.0,10,,,2299,887,False
954,688828561667567616,9.0,10,Brad,,1503,420,False
955,688804835492233216,12.0,10,,,1040,224,False
956,688789766343622656,8.0,10,Pubert,,2420,748,False
957,688547210804498433,9.0,10,,,2847,789,False
958,688519176466644993,12.0,10,,pupper,2512,821,False
959,688385280030670848,12.0,10,Louis,,10145,5004,False
960,688116655151435777,10.0,10,,,3083,885,False
961,688064179421470721,11.0,10,Kilo,,1873,407,False
962,687826841265172480,12.0,10,Louis,,2979,1280,False
963,687818504314159109,12.0,10,,pupper,2751,1077,False
964,687807801670897665,11.0,10,,,2616,799,False
965,687704180304273409,9.0,10,Blakely,pupper,2651,950,False
966,687664829264453632,11.0,10,Opal,,2113,575,False
967,687494652870668288,7.0,10,Marq,,2098,653,False
968,687480748861947905,12.0,10,,,1753,281,False
969,687460506001633280,10.0,10,Kramer,,2231,612,False
970,687317306314240000,11.0,10,Tyrone,,21968,10356,False
971,687127927494963200,9.0,10,Gordon,,5987,2576,False
972,687109925361856513,11.0,10,Baxter,,6339,2789,False
973,687096057537363968,11.0,10,,pupper,2445,690,False
974,686730991906516992,12.0,10,,,4529,1345,False
975,686683045143953408,11.0,10,Mona,pupper,3056,905,False
976,686618349602762752,11.0,10,Olivia,pupper,4023,1533,False
977,686606069955735556,10.0,10,Horace,,2064,606,False
978,686386521809772549,11.0,10,Crimson,,3540,993,False
979,686377065986265092,10.0,10,Birf,pupper,2427,636,False
980,686358356425093120,10.0,10,,,2390,772,False
981,686050296934563840,11.0,10,,floof,2411,832,False
982,686034024800862208,12.0,10,,,3406,1321,False
983,686007916130873345,11.0,10,,pupper,2701,471,False
984,685973236358713344,11.0,10,Lorelei,,2309,608,False
985,685943807276412928,8.0,10,,pupper,1792,693,False
986,685906723014619143,9.0,10,Olive,,8242,3281,False
987,685663452032069632,12.0,10,Brooks,,3548,1650,False
988,685641971164143616,7.0,10,Otis,pupper,3199,881,False
989,685325112850124800,10.0,10,,,10413,4511,False
990,685321586178670592,10.0,10,Rocky,,2900,734,False
991,685315239903100929,11.0,10,,,3660,1226,False
992,685307451701334016,11.0,10,Petrick,floof,2255,494,False
993,685268753634967552,10.0,10,Hubertson,pupper,3403,1362,False
994,685169283572338688,11.0,10,Gerbald,pupper,4475,1613,False
995,684940049151070208,12.0,10,Oreo,,3508,1185,False
996,684926975086034944,11.0,10,,,3836,548,False
997,684902183876321280,11.0,10,Perry,,2041,603,False
998,684800227459624960,11.0,10,Theodore,,2961,1114,False
999,684594889858887680,10.0,10,,,9807,3993,False
1000,684538444857667585,12.0,10,,,2902,1082,False
1001,684481074559381504,10.0,10,Pippa,,4233,1315,False
1002,684460069371654144,10.0,10,Jeph,,2163,627,False
1003,684241637099323392,12.0,10,Obi,,8956,3711,False
1004,684225744407494656,11.0,10,,pupper,1361,239,False
1005,684222868335505415,11.0,10,,pupper,4198,1554,False
1006,684195085588783105,9.0,10,Tino,,2096,593,False
1007,684188786104872960,10.0,10,,,3810,1336,False
1008,684177701129875456,10.0,10,Kulet,,2206,762,False
1009,684097758874210310,10.0,10,Lupe,,4496,1616,False
1010,683857920510050305,10.0,10,Sadie,pupper,4146,1260,False
1011,683852578183077888,10.0,10,Tiger,,2099,395,False
1012,683834909291606017,9.0,10,,pupper,2865,1256,False
1013,683828599284170753,12.0,10,,pupper,3036,1189,False
1014,683773439333797890,9.0,10,Buddy,,3667,1526,False
1015,683742671509258241,11.0,10,Sebastian,,7129,3756,False
1016,683498322573824003,11.0,10,Griffin,,3454,1088,False
1017,683481228088049664,11.0,10,Banjo,pupper,2867,1112,False
1018,683462770029932544,8.0,10,,pupper,2672,760,False
1019,683449695444799489,10.0,10,,,4270,1820,False
1020,683391852557561860,11.0,10,,,8307,2690,False
1021,683357973142474752,10.0,10,,,3221,1059,False
1022,683142553609318400,9.0,10,Brandy,pupper,3150,1170,False
1023,683111407806746624,10.0,10,Larry,pupper,3723,1029,False
1024,683098815881154561,12.0,10,,,2351,734,False
1025,683030066213818368,10.0,10,Lulu,,2358,826,False
1026,682750546109968385,9.0,10,Taco,,1665,491,False
1027,682662431982772225,11.0,10,,,3316,1201,False
1028,682638830361513985,12.0,10,,,2254,674,False
1029,682429480204398592,8.0,10,,,3752,1311,False
1030,682393905736888321,11.0,10,Kreg,,2426,769,False
1031,682389078323662849,9.0,10,Brody,,1818,516,False
1032,682259524040966145,9.0,10,Jax,,4561,1372,False
1033,682032003584274432,11.0,10,Ulysses,,7195,2278,False
1034,681981167097122816,12.0,10,Jimothy,,3026,1158,False
1035,681891461017812993,10.0,10,Charlie,pupper,2696,948,False
1036,681694085539872773,11.0,10,Bo,pupper,13953,4555,False
1037,681654059175129088,12.0,10,Toffee,pupper,2892,1039,False
1038,681610798867845120,12.0,10,,,2093,529,False
1039,681579835668455424,8.0,10,Apollo,,3873,1483,False
1040,681523177663676416,12.0,10,Carly,,15678,6576,False
1041,681320187870711809,11.0,10,Glacier,,2908,859,False
1042,681297372102656000,12.0,10,,,3474,1085,False
1043,681281657291280384,11.0,10,Sarge,,3508,1254,False
1044,681261549936340994,9.0,10,Panda,,1588,308,False
1045,681231109724700672,11.0,10,,pupper,2616,539,False
1046,681193455364796417,11.0,10,Aspen,,4052,1680,False
1047,680970795137544192,9.0,10,,,2651,743,False
1048,680940246314430465,4.0,10,Alice,,3525,1217,False
1049,680934982542561280,10.0,10,Sadie,,2272,493,False
1050,680913438424612864,11.0,10,Griswold,,2599,701,False
1051,680889648562991104,9.0,10,Cheesy,,1936,415,False
1052,680836378243002368,12.0,10,Ellie,pupper,3742,1501,False
1053,680801747103793152,10.0,10,,,2585,923,False
1054,680609293079592961,9.0,10,Brody,,2888,811,False
1055,680497766108381184,12.0,10,Percy,,4624,2151,False
1056,680494726643068929,11.259999999999998,10,,pupper,1868,542,False
1057,680473011644985345,10.0,10,Hector,pupper,2772,839,False
1058,680191257256136705,11.0,10,,pupper,2342,573,False
1059,680161097740095489,12.0,10,Goliath,,2527,823,False
1060,680145970311643136,10.0,10,Kawhi,pupper,3942,1965,False
1061,680130881361686529,10.0,10,Reggie,,2512,1072,False
1062,680115823365742593,9.0,10,Ozzy,,2962,1025,False
1063,680100725817409536,11.0,10,,pupper,3878,1545,False
1064,680055455951884288,10.0,10,Sammy,,18203,8025,False
1065,679862121895714818,11.0,10,,,2671,700,False
1066,679844490799091713,10.0,10,Willie,,2589,886,False
1067,679828447187857408,13.0,10,,pupper,39558,15743,False
1068,679777920601223168,10.0,10,Rinna,pupper,3373,1270,False
1069,679736210798047232,9.0,10,,,2295,912,False
1070,679722016581222400,8.0,10,Mike,,1807,538,False
1071,679530280114372609,7.0,10,,,5193,2336,False
1072,679511351870550016,7.0,10,William,,3694,1454,False
1073,679475951516934144,9.0,10,Evy,,2289,722,False
1074,679462823135686656,11.0,10,Hurley,,34731,21187,False
1075,679158373988876288,11.0,10,Rubio,,23469,9140,False
1076,679148763231985668,8.0,10,,,3015,1158,False
1077,679132435750195208,10.0,10,Louis,,3241,1309,False
1078,679111216690831360,12.0,10,,,6486,2878,False
1079,679062614270468097,11.0,10,Chompsky,,18630,9247,False
1080,678991772295516161,12.0,10,,,2530,1329,False
1081,678969228704284672,11.0,10,Lola,,1788,527,False
1082,678800283649069056,12.0,10,,pupper,2800,1014,False
1083,678798276842360832,7.0,10,Linda,,3790,1344,False
1084,678774928607469569,11.0,10,Tug,,3025,1038,False
1085,678764513869611008,10.0,10,Wilson,,1776,542,False
1086,678755239630127104,10.0,10,Dash,,7779,3724,False
1087,678643457146150913,10.0,10,Grizz,,2239,486,False
1088,678446151570427904,10.0,10,,,4340,1777,False
1089,678424312106393600,2.0,10,Crystal,,5887,2866,False
1090,678410210315247616,10.0,10,Jerome,,4616,2060,False
1091,678396796259975168,12.0,10,,,1722,472,False
1092,678389028614488064,11.0,10,Bella,pupper,2035,469,False
1093,678341075375947776,12.0,10,,pupper,1886,610,False
1094,678334497360859136,10.0,10,Rosie,,1423,302,False
1095,678278586130948096,10.0,10,,pupper,12477,6810,False
1096,678255464182861824,9.0,10,Jessifer,,1719,417,False
1097,678021115718029313,12.0,10,Reese,,14950,7114,False
1098,677918531514703872,10.0,10,,,1470,461,False
1099,677895101218201600,9.0,10,,,5256,2371,False
1100,677700003327029250,10.0,10,Ralph,,3675,1613,False
1101,677698403548192770,9.0,10,Sadie,,1325,361,False
1102,677687604918272002,11.0,10,,,2670,948,False
1103,677673981332312066,9.0,10,,,3596,1669,False
1104,677644091929329666,11.0,10,,,2031,885,False
1105,677565715327688705,6.0,10,,,1403,512,False
1106,677547928504967168,12.0,10,,,7535,4057,False
1107,677530072887205888,9.0,10,Axel,,1156,249,False
1108,677334615166730240,9.0,10,,,1470,327,False
1109,677331501395156992,9.0,10,Humphrey,,1179,264,False
1110,677314812125323265,10.5,10,,,1783,609,False
1111,677301033169788928,5.0,10,Juckson,,1355,468,False
1112,677269281705472000,10.0,10,,pupper,2144,788,False
1113,677187300187611136,9.0,10,,,2964,1031,False
1114,676975532580409345,11.0,10,Cooper,,3000,1196,False
1115,676957860086095872,10.0,10,,,2381,902,False
1116,676949632774234114,8.0,10,Tyrus,,1407,444,False
1117,676946864479084545,12.0,10,,,1829,424,False
1118,676936541936185344,8.0,10,,pupper,13731,5486,False
1119,676864501615042560,10.0,10,Ash,,2278,802,False
1120,676821958043033607,11.0,10,,,25013,17503,False
1121,676811746707918848,9.0,10,,,1526,468,False
1122,676617503762681856,13.0,10,,pupper,3123,1103,False
1123,676603393314578432,9.0,10,,pupper,1268,440,False
1124,676588346097852417,5.0,10,Bubbles,,2519,893,False
1125,676533798876651520,12.0,10,,,2018,618,False
1126,676496375194980353,9.0,10,Griffin,,1631,601,False
1127,676470639084101634,11.0,10,,pupper,12568,5197,False
1128,676440007570247681,11.0,10,,pupper,1853,740,False
1129,676430933382295552,10.0,10,Duke,,1519,385,False
1130,676237365392908289,8.0,10,Winston,,1325,331,False
1131,676191832485810177,8.5,10,,,2464,1142,False
1132,676146341966438401,10.0,10,Bert,,2068,739,False
1133,676101918813499392,11.0,10,Striker,,3027,1280,False
1134,676089483918516224,9.0,10,,,1422,479,False
1135,675898130735476737,10.0,10,,pupper,1766,651,False
1136,675891555769696257,6.0,10,Donny,,2286,971,False
1137,675888385639251968,10.0,10,,,2571,1063,False
1138,675870721063669760,11.0,10,,,1771,628,False
1139,675853064436391936,11.0,10,,pupper,2903,1447,False
1140,675845657354215424,10.0,10,Pepper,pupper,2460,991,False
1141,675822767435051008,10.0,10,,,1644,589,False
1142,675820929667219457,11.0,10,,pupper,1130,259,False
1143,675798442703122432,10.0,10,Bernie,,11049,3769,False
1144,675781562965868544,11.0,10,Buddah,,1741,531,False
1145,675740360753160193,12.0,10,,pupper,1250,387,False
1146,675710890956750848,12.0,10,Lenny,,2039,922,False
1147,675706639471788032,10.0,10,Wylie,,689,106,False
1148,675534494439489536,11.0,10,,,1940,468,False
1149,675531475945709568,10.0,10,,,1265,428,False
1150,675522403582218240,10.0,10,Sammy,,1113,312,False
1151,675517828909424640,12.0,10,,,1405,503,False
1152,675497103322386432,11.0,10,Reggie,,3377,1437,False
1153,675489971617296384,10.0,10,,,1395,669,False
1154,675432746517426176,12.0,10,,pupper,1619,626,False
1155,675372240448454658,13.0,10,,,1832,558,False
1156,675362609739206656,12.0,10,Daisy,,1133,260,False
1157,675349384339542016,13.0,10,,,4230,2520,False
1158,675334060156301312,12.0,10,,pupper,2994,1428,False
1159,675149409102012420,12.0,10,,,4017,1870,False
1160,675147105808306176,10.0,10,,,1020,273,False
1161,675145476954566656,9.0,10,,,2294,1001,False
1162,675111688094527488,8.0,10,Oliver,,1036,280,False
1163,675109292475830276,9.0,10,,,2991,1250,False
1164,675047298674663426,11.0,10,,,1136,363,False
1165,675006312288268288,10.0,10,Mollie,pupper,1051,251,False
1166,675003128568291329,12.0,10,Laela,,1664,517,False
1167,674999807681908736,13.0,10,,,2417,1228,False
1168,674805413498527744,10.0,10,,,931,391,False
1169,674800520222154752,11.0,10,Tedders,,3221,947,False
1170,674793399141146624,13.0,10,,,2679,1217,False
1171,674790488185167872,13.0,10,,,1177,277,False
1172,674788554665512960,9.0,10,Maggie,,865,229,False
1173,674774481756377088,11.0,10,Superpup,pupper,1204,530,False
1174,674752233200820224,12.0,10,,,1576,515,False
1175,674743008475090944,10.0,10,Sophie,,1505,602,False
1176,674739953134403584,11.0,10,,,1189,431,False
1177,674737130913071104,7.0,10,Rufio,pupper,687,102,False
1178,674670581682434048,9.0,10,,,1738,717,False
1179,674646392044941312,6.5,10,,,1526,553,False
1180,674638615994089473,12.0,10,,pupper,1795,649,False
1181,674468880899788800,13.0,10,Louis,,6643,2257,False
1182,674447403907457024,10.0,10,,pupper,1133,391,False
1183,674422304705744896,12.0,10,Ava,,1531,591,False
1184,674416750885273600,10.0,10,Jonah,,728,157,False
1185,674291837063053312,11.0,10,Kenny,,15725,6495,False
1186,674271431610523648,10.0,10,,,1676,799,False
1187,674269164442398721,8.0,10,Bob,,954,254,False
1188,674262580978937856,9.0,10,Gus,pupper,1383,498,False
1189,674255168825880576,10.0,10,Bobbay,,1569,614,False
1190,674082852460433408,11.0,10,,,801,185,False
1191,674075285688614912,11.0,10,Mitch,,1046,315,False
1192,674053186244734976,10.0,10,Stanley,,3564,1431,False
1193,674051556661161984,10.0,10,Lucy,,1559,526,False
1194,674042553264685056,12.0,10,,,768,142,False
1195,674038233588723717,12.0,10,Kaiya,pupper,1169,452,False
1196,674036086168010753,9.0,10,Daisy,,899,240,False
1197,674024893172875264,10.0,10,,,1908,1349,False
1198,674019345211760640,10.0,10,Acro,,1204,339,False
1199,674014384960745472,11.0,10,Aiden,,1671,708,False
1200,673956914389192708,10.0,10,,pupper,2080,1060,False
1201,673887867907739649,10.0,10,,,989,273,False
1202,673711475735838725,10.0,10,,,1112,324,False
1203,673709992831262724,12.0,10,,,900,304,False
1204,673708611235921920,12.0,10,Riley,,1143,315,False
1205,673707060090052608,10.0,10,Raymond,pupper,1171,431,False
1206,673705679337693185,8.0,10,Dot,,1333,437,False
1207,673689733134946305,11.0,10,,,1851,703,False
1208,673688752737402881,9.0,10,Larry,,1317,533,False
1209,673686845050527744,11.0,10,George,,1537,476,False
1210,673680198160809984,13.0,10,Shnuggles,,1456,519,False
1211,673662677122719744,12.0,10,Kendall,,1332,396,False
1212,673656262056419329,10.0,10,,pupper,763,265,False
1213,673612854080196609,7.0,10,Jeffri,pupper,1682,800,False
1214,673580926094458881,8.0,10,,,875,296,False
1215,673359818736984064,8.0,10,Steve,,1551,727,False
1216,673355879178194945,11.0,10,Koda,,1602,649,False
1217,673352124999274496,12.0,10,,,1754,594,False
1218,673350198937153538,9.0,10,Bella,,777,227,False
1219,673343217010679808,11.0,10,,,1032,288,False
1220,673320132811366400,11.0,10,Frankie,,14374,8653,False
1221,673317986296586240,10.0,10,,,920,292,False
1222,673295268553605120,9.5,10,Eve,pupper,7996,3471,False
1223,673270968295534593,11.0,10,Mac,,1124,399,False
1224,673240798075449344,6.0,10,,,1501,795,False
1225,673213039743795200,10.0,10,Dexter,,2397,928,False
1226,672997845381865473,12.0,10,Kenzie,,2081,782,False
1227,672995267319328768,8.0,10,Pumpkin,,1011,327,False
1228,672988786805112832,10.0,10,Schnozz,pupper,1031,312,False
1229,672975131468300288,10.0,10,Chuckles,pupper,1798,1010,False
1230,672968025906282496,11.0,10,Gustaf,,1395,597,False
1231,672964561327235073,10.0,10,Terry,,1518,696,False
1232,672877615439593473,8.0,10,Oscar,,1093,403,False
1233,672834301050937345,10.0,10,Ed,,1392,621,False
1234,672640509974827008,9.0,10,Leonidas,,1028,347,False
1235,672622327801233409,12.0,10,,pupper,1369,541,False
1236,672604026190569472,11.0,10,,,1177,441,False
1237,672594978741354496,9.0,10,Scott,pupper,1406,656,False
1238,672591762242805761,10.0,10,Taz,,1007,363,False
1239,672523490734551040,10.0,10,,,689,188,False
1240,672488522314567680,10.0,10,Jackie,,1181,480,False
1241,672482722825261057,10.0,10,,,1212,662,False
1242,672481316919734272,12.0,10,Jazz,pupper,752,136,False
1243,672466075045466113,12.0,10,,,1436,594,False
1244,672272411274932228,11.0,10,Pippin,,6858,3660,False
1245,672267570918129665,10.0,10,,,1584,664,False
1246,672264251789176834,10.0,10,Kreg,,1206,380,False
1247,672254177670729728,11.0,10,Rolf,pupper,1501,796,False
1248,672248013293752320,9.666666666666666,10,,,1823,655,False
1249,672245253877968896,12.0,10,Snickers,,727,169,False
1250,672239279297454080,7.0,10,Ridley,,945,344,False
1251,672222792075620352,9.0,10,Cal,,826,230,False
1252,672169685991993344,10.0,10,Bradley,,1068,402,False
1253,672160042234327040,8.0,10,Bubba,pupper,917,392,False
1254,672139350159835138,12.0,10,,,1861,788,False
1255,672095186491711488,9.0,10,Tuco,,1059,394,False
1256,672068090318987265,7.0,10,Gizmo,,1385,560,False
1257,671896809300709376,10.0,10,Lola,,8955,4494,False
1258,671891728106971137,11.0,10,Mojo,,1407,611,False
1259,671866342182637568,10.0,10,Dylan,,1187,545,False
1260,671789708968640512,13.0,10,,,7479,3793,False
1261,671768281401958400,10.0,10,,,1263,569,False
1262,671743150407421952,11.0,10,,,774,244,False
1263,671735591348891648,11.0,10,Oscar,,1527,815,False
1264,671729906628341761,13.0,10,,,9073,4766,False
1265,671561002136281088,13.0,10,,,13615,7884,False
1266,671542985629241344,10.0,10,,,1159,613,False
1267,671536543010570240,9.0,10,Reginald,,1247,440,False
1268,671528761649688577,10.0,10,Jax,,892,280,False
1269,671520732782923777,10.0,10,Alejandro,,1488,579,False
1270,671518598289059840,9.0,10,Scruffers,,1006,317,False
1271,671504605491109889,11.0,10,Charlie,,7465,3840,False
1272,671486386088865792,10.0,10,Malcolm,,617,225,False
1273,671485057807351808,11.0,10,Penelope,,804,252,False
1274,671357843010908160,9.0,10,,,424,156,False
1275,671355857343524864,10.0,10,Lou,,504,119,False
1276,671186162933985280,10.0,10,Sparky,,783,238,False
1277,671182547775299584,12.0,10,,,1187,377,False
1278,671154572044468225,9.5,10,Holly,,764,238,False
1279,671151324042559489,12.0,10,,,711,165,False
1280,671147085991960577,9.0,10,Rufus,,708,251,False
1281,671138694582165504,10.0,10,,,993,445,False
1282,671134062904504320,8.0,10,Clarence,,795,212,False
1283,671115716440031232,6.0,10,Phred,,1424,834,False
1284,671109016219725825,8.0,10,Toby,,1218,476,False
1285,670995969505435648,12.0,10,,,1168,315,False
1286,670840546554966016,10.0,10,Colby,,628,212,False
1287,670833812859932673,7.0,10,Jett,,472,134,False
1288,670832455012716544,10.0,10,Amy,,775,242,False
1289,670823764196741120,12.0,10,Remington,,820,204,False
1290,670815497391357952,10.0,10,Sage,,3385,1697,False
1291,670811965569282048,10.0,10,Maggie,,1195,291,False
1292,670807719151067136,11.0,10,Andy,,1225,538,False
1293,670804601705242624,10.0,10,Mason,,2090,1029,False
1294,670803562457407488,10.0,10,,,360,95,False
1295,670797304698376195,11.0,10,Trigger,,775,260,False
1296,670789397210615808,9.0,10,,,698,254,False
1297,670782429121134593,5.0,10,,,1680,857,False
1298,670780561024270336,7.0,10,Traviss,,827,312,False
1299,670778058496974848,10.0,10,,,345,77,False
1300,670764103623966721,10.0,10,Vincent,,1147,460,False
1301,670755717859713024,9.0,10,,,473,121,False
1302,670717338665226240,12.0,10,,,1297,542,False
1303,670704688707301377,6.0,10,Danny,,807,401,False
1304,670691627984359425,8.0,10,Ester,,628,263,False
1305,670679630144274432,8.0,10,Pluto,,793,314,False
1306,670676092097810432,8.0,10,Bloo,,264,45,False
1307,670444955656130560,10.0,10,Paull,,7091,2142,False
1308,670442337873600512,11.0,10,Koda,,689,211,False
1309,670428280563085312,11.0,10,Willy,,1480,689,False
1310,670421925039075328,12.0,10,Herb,,1408,701,False
1311,670411370698022913,12.0,10,Scooter,,2169,985,False
1312,670403879788544000,10.0,10,Nigel,,456,173,False
1313,670385711116361728,8.0,10,Larry,,591,233,False
1314,670374371102445568,12.0,10,Daisy,,784,292,False
1315,670338931251150849,10.0,10,Butters,,447,120,False
1316,670319130621435904,11.0,10,,,4087,1348,False
1317,670303360680108032,9.0,10,Hemry,,450,151,False
1318,670290420111441920,11.0,10,Sandra,,748,312,False
1319,670093938074779648,9.0,10,Wally,,1102,363,False
1320,670086499208155136,10.0,10,,,737,274,False
1321,670073503555706880,10.0,10,Winston,,1667,866,False
1322,670061506722140161,11.0,10,Liam,,819,372,False
1323,670046952931721218,11.0,10,,,683,191,False
1324,670003130994700288,10.0,10,Raphael,,350,100,False
1325,669970042633789440,10.0,10,Julio,,317,65,False
1326,669942763794931712,11.0,10,Andru,,533,182,False
1327,669926384437997569,12.0,10,,,398,113,False
1328,669753178989142016,10.0,10,Chester,,853,430,False
1329,669683899023405056,10.0,10,Kloey,,411,118,False
1330,669680153564442624,8.0,10,Shawwn,,709,310,False
1331,669603084620980224,10.0,10,,,1003,397,False
1332,669597912108789760,10.0,10,Skye,,548,163,False
1333,669573570759163904,10.0,10,Linda,,465,156,False
1334,669567591774625800,9.0,10,Kollin,,248,61,False
1335,669564461267722241,10.0,10,Alfredo,,408,132,False
1336,669393256313184256,10.0,10,Ronduh,,384,82,False
1337,669375718304980992,6.0,10,Billl,,1420,786,False
1338,669371483794317312,10.0,10,,,520,196,False
1339,669367896104181761,10.0,10,Chip,,484,171,False
1340,669363888236994561,10.0,10,Zeus,,663,249,False
1341,669359674819481600,11.0,10,Saydee,,388,134,False
1342,669354382627049472,8.0,10,Dug,,2876,1385,False
1343,669328503091937280,12.0,10,Kirk,,1074,450,False
1344,669327207240699904,13.0,10,,,607,126,False
1345,669216679721873412,8.0,10,Clarq,,956,419,False
1346,669203728096960512,9.0,10,Samsom,,1069,519,False
1347,669037058363662336,8.5,10,,,692,333,False
1348,669006782128353280,12.0,10,Tucker,,608,269,False
1349,669000397445533696,11.0,10,Terrance,,22047,6925,False
1350,668989615043424256,3.0,10,Bernie,,720,353,False
1351,668979806671884288,12.0,10,Chaz,,836,378,False
1352,668975677807423489,11.0,10,Jeremy,,1381,635,False
1353,668955713004314625,10.0,10,Leroi,,298,77,False
1354,668932921458302977,9.0,10,Herald,,282,62,False
1355,668902994700836864,11.0,10,Lambeau,,335,107,False
1356,668892474547511297,11.0,10,Ruffles,,419,163,False
1357,668852170888998912,11.0,10,Bobb,,478,179,False
1358,668826086256599040,10.0,10,Banditt,,465,150,False
1359,668815180734689280,7.0,10,,,608,290,False
1360,668779399630725120,10.0,10,Kevon,,745,405,False
1361,668655139528511488,11.0,10,Winifred,,559,233,False
1362,668636665813057536,10.0,10,Berta,,1106,522,False
1363,668633411083464705,10.0,10,Churlie,,3011,1776,False
1364,668631377374486528,5.0,10,Zeek,,754,346,False
1365,668627278264475648,9.0,10,Timofy,,337,123,False
1366,668567822092664832,11.0,10,Marvin,,262,62,False
1367,668542336805281792,10.0,10,,,492,231,False
1368,668537837512433665,4.5,10,Spark,,265,79,False
1369,668528771708952576,12.0,10,,,493,242,False
1370,668507509523615744,10.0,10,Chuk,,343,115,False
1371,668496999348633600,8.0,10,Jo,,435,145,False
1372,668484198282485761,9.0,10,,,451,250,False
1373,668286279830867968,11.0,10,Rusty,,532,149,False
1374,668274247790391296,10.0,10,Sophie,,881,248,False
1375,668268907921326080,10.0,10,Guss,,590,258,False
1376,668248472370458624,8.0,10,Bisquick,,1053,523,False
1377,668237644992782336,10.0,10,Torque,,6573,3083,False
1378,668221241640230912,10.0,10,,,534,214,False
1379,668204964695683073,8.0,10,Ron,,586,206,False
1380,668190681446379520,12.0,10,Skittles,,690,208,False
1381,668171859951755264,7.0,10,Alfonso,,523,207,False
1382,668113020489474048,6.0,10,Alfie,,707,264,False
1383,667924896115245057,9.0,10,Jiminy,,317,119,False
1384,667902449697558528,9.0,10,Cleopatricia,,896,395,False
1385,667886921285246976,11.0,10,Erik,,2005,1174,False
1386,667885044254572545,10.0,10,Stu,,860,524,False
1387,667861340749471744,9.0,10,Cheryl,,253,86,False
1388,667832474953625600,12.0,10,,,302,68,False
1389,667801013445750784,12.0,10,,,346,101,False
1390,667793409583771648,8.0,10,,,732,356,False
1391,667773195014021121,8.0,10,Jessiga,,243,61,False
1392,667728196545200128,11.0,10,Olive,,395,162,False
1393,667546741521195010,9.0,10,,,350,137,False
1394,667544320556335104,7.0,10,Kial,,914,565,False
1395,667538891197542400,9.0,10,Klint,,218,72,False
1396,667534815156183040,8.0,10,,,863,572,False
1397,667530908589760512,10.0,10,Naphaniel,,499,261,False
1398,667517642048163840,8.0,10,,,389,203,False
1399,667509364010450944,12.0,10,Tickles,,7118,2265,False
1400,667502640335572993,11.0,10,,,562,230,False
1401,667495797102141441,9.0,10,,,561,294,False
1402,667491009379606528,7.5,10,,,558,237,False
1403,667470559035432960,11.0,10,Kohl,,272,102,False
1404,667455448082227200,7.0,10,,,202,66,False
1405,667453023279554560,11.0,10,Cupcake,,326,96,False
1406,667435689202614272,12.0,10,,,324,88,False
1407,667405339315146752,7.0,10,Biden,,488,232,False
1408,667393430834667520,8.0,10,Fwed,,210,60,False
1409,667211855547486208,9.0,10,Genevieve,,515,258,False
1410,667200525029539841,11.0,10,Joshwa,,655,280,False
1411,667192066997374976,12.0,10,,,412,115,False
1412,667182792070062081,10.0,10,Timison,,15028,6589,False
1413,667177989038297088,8.0,10,Daryl,,200,58,False
1414,667176164155375616,4.0,10,,,637,483,False
1415,667174963120574464,9.0,10,Clarence,,261,87,False
1416,667171260800061440,10.0,10,Kenneth,,233,99,False
1417,667165590075940865,10.0,10,Churlie,,2807,1234,False
1418,667160273090932737,11.0,10,Bradlay,,267,66,False
1419,667152164079423490,12.0,10,Pipsy,,49523,18176,False
1420,667138269671505920,10.0,10,,,4827,2372,False
1421,667119796878725120,10.0,10,Gabe,,345,135,False
1422,667090893657276420,7.0,10,Clybe,,346,131,False
1423,667073648344346624,10.0,10,,,422,132,False
1424,667062181243039745,10.0,10,Keet,,225,57,False
1425,667044094246576128,12.0,10,,,197,54,False
1426,666835007768551424,10.0,10,,,221,83,False
1427,666826780179869698,12.0,10,,,264,104,False
1428,666817836334096384,9.0,10,Jeph,,537,266,False
1429,666804364988780544,8.0,10,Jockson,,249,95,False
1430,666781792255496192,10.0,10,Octaviath,,402,209,False
1431,666739327293083650,10.0,10,Lugan,,242,70,False
1432,666701168228331520,8.0,10,Johm,,447,229,False
1433,666691418707132416,8.0,10,Christoper,,195,51,False
1434,666649482315059201,4.0,10,,,919,606,False
1435,666644823164719104,9.0,10,Jimothy,,237,88,False
1436,666454714377183233,10.0,10,Kreggory,,542,219,False
1437,666447344410484738,9.0,10,Scout,,107,23,False
1438,666437273139982337,7.0,10,,,131,52,False
1439,666435652385423360,10.0,10,,,171,54,False
1440,666428276349472768,7.0,10,,,171,90,False
1441,666421158376562688,12.0,10,,,325,118,False
1442,666418789513326592,10.0,10,Walter,,129,48,False
1443,666407126856765440,7.0,10,,,113,43,False
1444,666396247373291520,9.0,10,,,171,91,False
1445,666373753744588802,11.0,10,,,194,99,False
1446,666353288456101888,8.0,10,,,228,76,False
1447,666345417576210432,10.0,10,,,308,146,False
1448,666287406224695296,8.333333333333334,10,,,152,71,False
1449,666273097616637952,11.0,10,,,183,81,False
1450,666102155909144576,11.0,10,,,81,15,False
1451,666099513787052032,8.0,10,,,160,73,False
1452,666094000022159362,9.0,10,,,168,78,False
1453,666082916733198337,6.0,10,,,121,47,False
1454,666073100786774016,10.0,10,,,334,173,False
1455,666071193221509120,9.0,10,,,154,67,False
1456,666063827256086533,10.0,10,,,494,230,False
1457,666058600524156928,8.0,10,,,117,61,False
1458,666055525042405380,10.0,10,,,449,261,False
1459,666050758794694657,10.0,10,,,136,60,False
1460,666049248165822465,5.0,10,,,111,41,False
1461,666044226329800704,6.0,10,,,309,147,False
1462,666033412701032449,9.0,10,,,128,47,False
1463,666029285002620928,7.0,10,,,132,48,False
1464,666020888022790149,8.0,10,,,2528,530,False
